hot_word,chinese,english
공차,“最近网络上非常流行“公茶”这个词。实际上，“公茶”的历史可追溯到唐朝，更成熟的技法是在宋朝发展起来的。它起源于中国的福建和广东地区，是一种有着几百年历史的传统茶饮方式。 这种方法将古老的茶艺与地方的特色结合起来，形成了独特风味。 就像一个古老的故事，值得我们慢慢品味！”,"Recently, Gong Fu Tea has become a viral trend online.  The research shows that this tea preparation method has a history dating back to the Tang Dynasty, with significant development during the Song Dynasty. It originated primarily in the Fujian and Guangdong provinces of China. It’s a traditional tea preparation method that’s evolved over centuries, blending historical practices with regional variations - a beautiful and rich story to explore."
리버풀 대 토트넘,哇！最近“利弗浦 vs 托特纳姆”简直是足球界的热门话题！根据研究显示，利弗浦队在2024年4月28日以5-1的比分战胜了托特纳姆热刺队，这直接意味着他们成功锁定2024-2025赛季的英超联赛冠军！令人激动的是，这场比赛中，即使没有出场，我们的好兄弟孙兴慜也一起见证了利弗浦队的胜利。这绝对是足球迷们期待已久的精彩对决，利弗浦队的夺冠也成为了足球世界里一个令人兴奋的转折！,"Wow! Liverpool vs Tottenham has become a huge trending topic in the world of football lately! According to the research, Liverpool defeated Tottenham Hotspur 5-1 on April 28, 2024, which directly means they secured the title of the 2024-2025 seasons Premier League championship. Excitingly, our good friend Son Heung-min didnt play in this match, but he witnessed Liverpools victory.  It’s a fantastic and anticipated showdown for football fans, and Liverpools championship is a truly exciting turn in the football world!"
서유리,,
대구 산불,,
노팅엄 포레스트 대 맨 시티,“最近网络上非常流行‘诺丁汉森林对曼城’这一热词。原来，曼城队在 FA 杯半决赛中以 2-0 战胜了诺丁汉森林，Rico Lewis 先拔筹，Josko Gvardiol 在下半场进了一球，成功晋级决赛，他们将在决赛中对阵水晶宫。这个结果在网上引起了广泛讨论和欢呼，体现了人们对曼城队实力和表现的认可！”,"“Recently, ‘Nottingham Forest vs. Manchester City’ has been a hugely popular trending topic online. The research reveals that Manchester City won the FA Cup semi-final against Nottingham Forest 2-0. Rico Lewis scored early, and Josko Gvardiol added a goal in the second half, securing their spot in the final where they will face Crystal Palace. This result highlights peoples recognition and support for Manchester City’s strength and performance.”"
skt 유심 교체 예약,,
또간집 안양,,
이낙연,,
윤현민,,
이주연,,
공차,“最近网络上非常流行“公茶”这个词。实际上，“公茶”的历史可追溯到唐朝，更成熟的技法是在宋朝发展起来的。它起源于中国的福建和广东地区，是一种有着几百年历史的传统茶饮方式。 这种方法将古老的茶艺与地方的特色结合起来，形成了独特风味。 就像一个古老的故事，值得我们慢慢品味！”,"Recently, Gong Fu Tea has become a viral trend online.  The research shows that this tea preparation method has a history dating back to the Tang Dynasty, with significant development during the Song Dynasty. It originated primarily in the Fujian and Guangdong provinces of China. It’s a traditional tea preparation method that’s evolved over centuries, blending historical practices with regional variations - a beautiful and rich story to explore."
정대철,,
본머스 대 맨유,,
푸마,,
거상,,
kait,,
근로자의날,,
cgv,,
최태원,,
한미반도체,,
liverpool vs tottenham,,
청주,,
윤여준 장관,,
zimbabwe vs bangladesh,,
예비군,,
한국교통안전공단,,
